<?xml version="1.0" encoding="utf-8"?>
<extension version="1.6" type="plugin" group="system">
	<name>System - Djflibraries</name>
	<author>David Frassi</author>
	<creationDate>December 2011</creationDate>
	<copyright>Copyright (C) 2010 - All rights reserved.</copyright>
	<license>GNU General Public License</license>
	<authorEmail>info@davidfrassi.it</authorEmail>
	<authorUrl>http://www.davidfrassi.it</authorUrl>
	<version>3.0</version>
	<description>System - Djflibraries</description>
	<files>
		<filename plugin="djflibraries">utility.php</filename>
		<folder>assets</folder>
		<filename>multimedia.php</filename>
	</files>	
</extension>