<?xml version="1.0" encoding="utf-8"?>
<extension type="component" version="2.5" method="upgrade">
    <name>com_djfacl</name>
    <author>David Frassi</author>
    <authorEmail>info@davidfrassi.it</authorEmail>
    <authorUrl>http://www.davidfrassi.it/</authorUrl>
    <copyright>(C) 2006-2012 David Frassi. All rights reserved.</copyright>
    <license>http://www.gnu.org/licenses/gpl-3.0.html GNU/GPL</license>
    <version>3.0.2</version>
    <creationDate>April 10, 2012</creationDate>
    <description>DJFACL_COMPONENT_DESCRIPTION</description>

    <scriptfile>admin/install.djfacl.php</scriptfile>
    
    <install>
	<sql>
	    <file driver="mysql" charset="utf8">sql/install.mysql.utf8.sql</file>
	</sql>
    </install>

    <uninstall>
	<sql>
	    <file driver="mysql" charset="utf8">sql/uninstall.mysql.utf8.sql</file>
	</sql>
    </uninstall>

    <files folder="component">
	<filename>djfacl.php</filename>
	<filename>router.php</filename>
	<folder>assets</folder>
	<folder>controllers</folder>
	<folder>helpers</folder>
	<folder>images</folder>
	<folder>libraries</folder>
	<folder>models</folder>
	<folder>tables</folder>
	<folder>views</folder>
    </files>
		
    <languages folder="component/lang">
	<language tag="it-IT">it-IT.com_djfacl.ini</language>
	<language tag="en-GB">en-GB.com_djfacl.ini</language>
    </languages>
    

    
    <administration>
    		 <menu>COM_DJFACL</menu>
    		<files folder="admin">
    			<filename>index.html</filename>
    			<filename>config.xml</filename>
    			<filename>admin.djfacl.php</filename>
    			<filename>access.xml</filename>
    			<filename>install.djfacl.php</filename>		
    			<folder>assets</folder>
    			<folder>sql</folder>
    			<folder>controllers</folder>
    			<folder>helpers</folder>
    			<folder>images</folder>
    			<folder>libraries</folder>
    			<folder>models</folder>
    			<folder>tables</folder>
    			<folder>views</folder>
    			<folder>lang</folder>
    			
    		</files>
    		
    		<languages folder="admin/lang">
    			<language tag="it-IT">it-IT.com_djfacl.ini</language>
    			<language tag="en-GB">en-GB.com_djfacl.ini</language>
    			<language tag="it-IT">it-IT.com_djfacl.menu.ini</language>
    			<language tag="en-GB">en-GB.com_djfacl.menu.ini</language>			
    		</languages>
    		
	</administration>       

</extension>