<?xml version="1.0" encoding="utf-8"?>
<install version="1.6" type="plugin" group="system">
	<name>System - Djf Integrity</name>
	<author>David Frassi</author>
	<creationDate>Dicembre 2010</creationDate>
	<copyright>Copyright (C) 2010 - All rights reserved.</copyright>
	<license>GNU General Public License</license>
	<authorEmail>info@davidfrassi.it</authorEmail>
	<authorUrl>http://www.davidfrassi.it</authorUrl>
	<version>1.0</version>
	<description>djfintegrity</description>
	<files>
		<filename plugin="djfintegrity">djfintegrity.php</filename>
	</files>
	
</install>