<?xml version="1.0" encoding="utf-8"?>
<extension
	type="module"
	version="2.5"
	client="administrator"
	position="icon" >
	<name>mod_djfacl_quickicon</name>
	<author>Joomla! Project</author>
	<creationDate>Nov 2005</creationDate>
	<copyright>Copyright (C) 2005 - 2012 Open Source Matters. All rights reserved.</copyright>
	<license>GNU General Public License version 2 or later; see LICENSE.txt</license>
	<authorEmail>admin@joomla.org</authorEmail>
	<authorUrl>www.joomla.org</authorUrl>
	<version>2.5.0</version>
	<description>mod_djfacl_quickicon_XML_DESCRIPTION</description>
	<files>
		<filename module="mod_djfacl_quickicon">mod_djfacl_quickicon.php</filename>
		<filename>helper.php</filename>
		<filename>index.html</filename>
	</files>
	
	<help key="JHELP_EXTENSIONS_MODULE_MANAGER_ADMIN_QUICKICON" />
	<config>
		<fields name="params">
			<fieldset name="basic">
				<field name="context"
					type="text"
					default="mod_djfacl_quickicon"
					description="mod_djfacl_quickicon_GROUP_DESC"
					label="mod_djfacl_quickicon_GROUP_LABEL"
				/>
			</fieldset>
			<fieldset name="advanced">
				<field
					name="layout"
					type="modulelayout"
					label="JFIELD_ALT_LAYOUT_LABEL"
					description="JFIELD_ALT_MODULE_LAYOUT_DESC" />

				<field
					name="moduleclass_sfx"
					type="text"
					label="COM_MODULES_FIELD_MODULECLASS_SFX_LABEL"
					description="COM_MODULES_FIELD_MODULECLASS_SFX_DESC" />

				<field
					name="cache"
					type="list"
					default="1"
					label="COM_MODULES_FIELD_CACHING_LABEL"
					description="COM_MODULES_FIELD_CACHING_DESC">
					<option
						value="1">JGLOBAL_USE_GLOBAL</option>
					<option
						value="0">COM_MODULES_FIELD_VALUE_NOCACHING</option>
				</field>

				<field
					name="cache_time"
					type="text"
					default="900"
					label="COM_MODULES_FIELD_CACHE_TIME_LABEL"
					description="COM_MODULES_FIELD_CACHE_TIME_DESC" />

				<field
					name="automatic_title"
					type="radio"
					default="0"
					label="COM_MODULES_FIELD_AUTOMATIC_TITLE_LABEL"
					description="COM_MODULES_FIELD_AUTOMATIC_TITLE_DESC">
					<option
						value="0">JNO</option>
					<option
						value="1">JYES</option>
				</field>
			</fieldset>
		</fields>
	</config>
</extension>
