<?xml version="1.0" encoding="UTF-8"?>
<extension type="module" version="1.7" client="site" method="upgrade">
	<name>Djfacl</name>
	<creationDate>April 2012</creationDate>
	<author>David Frassi</author>
	<authorEmail>info@davidfrassi.it</authorEmail>
	<authorUrl>http://www.davidfrassi.it</authorUrl>
	<copyright>(C) 2012 Copyright Info</copyright>
	<license>License Info</license>
	<version>1.6.0</version>
	<description>MOD_DJFACL</description>
	<scriptfile>djfacl.scriptfile.php</scriptfile>
	<files>
			<filename module="mod_djfacl">mod_djfacl.php</filename>
			<filename>index.html</filename>
			<filename>helper.php</filename>
			<filename>mod_djfacl.xml</filename>
	</files>
	<config>
		<fields name="params">
			<fieldset name="basic">
				<field name="moduleclass_sfx" type="text" default="" label="Module Class Suffix" description="PARAMMODULECLASSSUFFIX" />
				<field name="cache" type="list" default="1" label="Caching" description="Select whether to cache the content of this module">
					<option value="1">Use global</option>
					<option value="0">No caching</option>
				</field>
			</fieldset>		
		</fields>
	</config>
</extension>